exp_id,scenario,alpha,replicate,t,rho,A_true,A_obs,rho_base,pert_on,pert_off,rho_pert
1,S1,0.8,1,0.0,0.35,2.0,2.0334353646759467,0.35,3.0,5.0,0.25
1,S1,0.8,1,1.0,0.35,1.9992468889786188,1.9858518086086836,0.35,3.0,5.0,0.25
1,S1,0.8,1,2.0,0.35,1.9989919448423914,1.9819877489391562,0.35,3.0,5.0,0.25
1,S1,0.8,1,3.0,0.25,1.9815731345887542,1.987989214329147,0.35,3.0,5.0,0.25
1,S1,0.8,1,4.0,0.25,1.3192421442984614,1.292696953574716,0.35,3.0,5.0,0.25
1,S1,0.8,1,5.0,0.25,1.0991244617701474,1.0871401492507702,0.35,3.0,5.0,0.25
1,S1,0.8,1,6.0,0.35,1.5721747022913952,1.5883155871386523,0.35,3.0,5.0,0.25
1,S1,0.8,1,7.0,0.35,1.7631735077400195,1.78629531785148,0.35,3.0,5.0,0.25
1,S1,0.8,1,8.0,0.35,1.857188558606453,1.895694818721952,0.35,3.0,5.0,0.25
1,S1,0.8,1,9.0,0.35,1.9075615706841336,1.892894644102738,0.35,3.0,5.0,0.25
1,S1,0.8,1,10.0,0.35,1.93654961262888,1.906407460812335,0.35,3.0,5.0,0.25
1,S1,0.8,1,11.0,0.35,1.9542670258743196,1.9650945373513369,0.35,3.0,5.0,0.25
1,S1,0.8,1,12.0,0.35,1.9656624296219254,1.9799470594545994,0.35,3.0,5.0,0.25
1,S1,0.8,1,13.0,0.35,1.973317196610836,1.9786355041989085,0.35,3.0,5.0,0.25
1,S1,0.8,1,14.0,0.35,1.978654447697814,2.0201791153065964,0.35,3.0,5.0,0.25
1,S1,0.8,1,15.0,0.35,1.9824973277142306,1.9535051001778196,0.35,3.0,5.0,0.25
1,S1,0.8,2,0.0,0.35,2.0,1.9959956306823754,0.35,3.0,5.0,0.25
1,S1,0.8,2,1.0,0.35,1.9992468889786188,1.9983636805094467,0.35,3.0,5.0,0.25
1,S1,0.8,2,2.0,0.35,1.9989919448423914,1.977997929542896,0.35,3.0,5.0,0.25
1,S1,0.8,2,3.0,0.25,1.9815731345887542,2.0100713493318345,0.35,3.0,5.0,0.25
1,S1,0.8,2,4.0,0.25,1.3192421442984614,1.3046241769269995,0.35,3.0,5.0,0.25
1,S1,0.8,2,5.0,0.25,1.0991244617701474,1.077209006641678,0.35,3.0,5.0,0.25
1,S1,0.8,2,6.0,0.35,1.5721747022913952,1.5648966078789948,0.35,3.0,5.0,0.25
1,S1,0.8,2,7.0,0.35,1.7631735077400195,1.7786397478934919,0.35,3.0,5.0,0.25
1,S1,0.8,2,8.0,0.35,1.857188558606453,1.9032312740832011,0.35,3.0,5.0,0.25
1,S1,0.8,2,9.0,0.35,1.9075615706841336,1.8979463323463206,0.35,3.0,5.0,0.25
1,S1,0.8,2,10.0,0.35,1.93654961262888,1.8910902943159715,0.35,3.0,5.0,0.25
1,S1,0.8,2,11.0,0.35,1.9542670258743196,1.957975601756468,0.35,3.0,5.0,0.25
1,S1,0.8,2,12.0,0.35,1.9656624296219254,1.936151982911234,0.35,3.0,5.0,0.25
1,S1,0.8,2,13.0,0.35,1.973317196610836,1.9962870280403626,0.35,3.0,5.0,0.25
1,S1,0.8,2,14.0,0.35,1.978654447697814,2.0101199939193743,0.35,3.0,5.0,0.25
1,S1,0.8,2,15.0,0.35,1.9824973277142306,2.014071843854538,0.35,3.0,5.0,0.25
1,S1,0.8,3,0.0,0.35,2.0,2.0114484269328834,0.35,3.0,5.0,0.25
1,S1,0.8,3,1.0,0.35,1.9992468889786188,2.0171727201956022,0.35,3.0,5.0,0.25
1,S1,0.8,3,2.0,0.35,1.9989919448423914,1.9860728350688572,0.35,3.0,5.0,0.25
1,S1,0.8,3,3.0,0.25,1.9815731345887542,2.03529863628926,0.35,3.0,5.0,0.25
1,S1,0.8,3,4.0,0.25,1.3192421442984614,1.2865951900500336,0.35,3.0,5.0,0.25
1,S1,0.8,3,5.0,0.25,1.0991244617701474,1.1453458428896666,0.35,3.0,5.0,0.25
1,S1,0.8,3,6.0,0.35,1.5721747022913952,1.5203898045072932,0.35,3.0,5.0,0.25
1,S1,0.8,3,7.0,0.35,1.7631735077400195,1.7725836043715835,0.35,3.0,5.0,0.25
1,S1,0.8,3,8.0,0.35,1.857188558606453,1.8780513871389863,0.35,3.0,5.0,0.25
1,S1,0.8,3,9.0,0.35,1.9075615706841336,1.874862091311839,0.35,3.0,5.0,0.25
1,S1,0.8,3,10.0,0.35,1.93654961262888,1.9822574214963131,0.35,3.0,5.0,0.25
1,S1,0.8,3,11.0,0.35,1.9542670258743196,1.9597567898717485,0.35,3.0,5.0,0.25
1,S1,0.8,3,12.0,0.35,1.9656624296219254,1.9633303729701028,0.35,3.0,5.0,0.25
1,S1,0.8,3,13.0,0.35,1.973317196610836,1.9421524475635896,0.35,3.0,5.0,0.25
1,S1,0.8,3,14.0,0.35,1.978654447697814,1.95924889241069,0.35,3.0,5.0,0.25
1,S1,0.8,3,15.0,0.35,1.9824973277142306,1.9735256596872122,0.35,3.0,5.0,0.25
2,S1,0.85,1,0.0,0.35,2.0,2.0130738350258643,0.35,3.0,5.0,0.25
2,S1,0.85,1,1.0,0.35,1.9992428100675073,2.0567582180124884,0.35,3.0,5.0,0.25
2,S1,0.85,1,2.0,0.35,1.9989637861610372,2.0289650696664387,0.35,3.0,5.0,0.25
2,S1,0.85,1,3.0,0.25,1.9856021098285255,1.9445219177981863,0.35,3.0,5.0,0.25
2,S1,0.85,1,4.0,0.25,1.3124203596218649,1.3155332744028294,0.35,3.0,5.0,0.25
2,S1,0.85,1,5.0,0.25,1.0701235487428502,1.023034719312023,0.35,3.0,5.0,0.25
2,S1,0.85,1,6.0,0.35,1.5192239673258283,1.5578107596904045,0.35,3.0,5.0,0.25
2,S1,0.85,1,7.0,0.35,1.7355660658632324,1.7562704380279783,0.35,3.0,5.0,0.25
2,S1,0.85,1,8.0,0.35,1.8463240928207825,1.831665312337882,0.35,3.0,5.0,0.25
2,S1,0.85,1,9.0,0.35,1.9051953826152823,1.9528570593141594,0.35,3.0,5.0,0.25
2,S1,0.85,1,10.0,0.35,1.938079091136855,1.9836652477669992,0.35,3.0,5.0,0.25
2,S1,0.85,1,11.0,0.35,1.9573949480432462,1.9150332095328284,0.35,3.0,5.0,0.25
2,S1,0.85,1,12.0,0.35,1.9692921745169745,1.998065736950757,0.35,3.0,5.0,0.25
2,S1,0.85,1,13.0,0.35,1.9769459539127245,2.004124459940245,0.35,3.0,5.0,0.25
2,S1,0.85,1,14.0,0.35,1.9820677178741293,1.956974280500106,0.35,3.0,5.0,0.25
2,S1,0.85,1,15.0,0.35,1.9856185569410287,2.0060688973734826,0.35,3.0,5.0,0.25
2,S1,0.85,2,0.0,0.35,2.0,2.0198599656379783,0.35,3.0,5.0,0.25
2,S1,0.85,2,1.0,0.35,1.9992428100675073,1.985336500943058,0.35,3.0,5.0,0.25
2,S1,0.85,2,2.0,0.35,1.9989637861610372,1.966434390738361,0.35,3.0,5.0,0.25
2,S1,0.85,2,3.0,0.25,1.9856021098285255,2.0211219747043008,0.35,3.0,5.0,0.25
2,S1,0.85,2,4.0,0.25,1.3124203596218649,1.3198028202967425,0.35,3.0,5.0,0.25
2,S1,0.85,2,5.0,0.25,1.0701235487428502,1.1301943680214086,0.35,3.0,5.0,0.25
2,S1,0.85,2,6.0,0.35,1.5192239673258283,1.482109945057516,0.35,3.0,5.0,0.25
2,S1,0.85,2,7.0,0.35,1.7355660658632324,1.748295929770597,0.35,3.0,5.0,0.25
2,S1,0.85,2,8.0,0.35,1.8463240928207825,1.8073983732101604,0.35,3.0,5.0,0.25
2,S1,0.85,2,9.0,0.35,1.9051953826152823,1.8840698301434813,0.35,3.0,5.0,0.25
2,S1,0.85,2,10.0,0.35,1.938079091136855,1.9408848514873733,0.35,3.0,5.0,0.25
2,S1,0.85,2,11.0,0.35,1.9573949480432462,1.9662513774265513,0.35,3.0,5.0,0.25
2,S1,0.85,2,12.0,0.35,1.9692921745169745,1.9680057435697556,0.35,3.0,5.0,0.25
2,S1,0.85,2,13.0,0.35,1.9769459539127245,1.9871565288574387,0.35,3.0,5.0,0.25
2,S1,0.85,2,14.0,0.35,1.9820677178741293,1.9887248530706534,0.35,3.0,5.0,0.25
2,S1,0.85,2,15.0,0.35,1.9856185569410287,1.9901612460882563,0.35,3.0,5.0,0.25
2,S1,0.85,3,0.0,0.35,2.0,1.951400473585229,0.35,3.0,5.0,0.25
2,S1,0.85,3,1.0,0.35,1.9992428100675073,2.0349248782180824,0.35,3.0,5.0,0.25
2,S1,0.85,3,2.0,0.35,1.9989637861610372,2.0006022468364435,0.35,3.0,5.0,0.25
2,S1,0.85,3,3.0,0.25,1.9856021098285255,1.9779817701798605,0.35,3.0,5.0,0.25
2,S1,0.85,3,4.0,0.25,1.3124203596218649,1.3460803802316004,0.35,3.0,5.0,0.25
2,S1,0.85,3,5.0,0.25,1.0701235487428502,1.0666339419670035,0.35,3.0,5.0,0.25
2,S1,0.85,3,6.0,0.35,1.5192239673258283,1.5501989640879184,0.35,3.0,5.0,0.25
2,S1,0.85,3,7.0,0.35,1.7355660658632324,1.7204275330855365,0.35,3.0,5.0,0.25
2,S1,0.85,3,8.0,0.35,1.8463240928207825,1.861339400001096,0.35,3.0,5.0,0.25
2,S1,0.85,3,9.0,0.35,1.9051953826152823,1.8461487432059929,0.35,3.0,5.0,0.25
2,S1,0.85,3,10.0,0.35,1.938079091136855,1.9173996880285895,0.35,3.0,5.0,0.25
2,S1,0.85,3,11.0,0.35,1.9573949480432462,1.9884266309002812,0.35,3.0,5.0,0.25
2,S1,0.85,3,12.0,0.35,1.9692921745169745,1.959333796376634,0.35,3.0,5.0,0.25
2,S1,0.85,3,13.0,0.35,1.9769459539127245,2.0069249560556064,0.35,3.0,5.0,0.25
2,S1,0.85,3,14.0,0.35,1.9820677178741293,1.9402849640334563,0.35,3.0,5.0,0.25
2,S1,0.85,3,15.0,0.35,1.9856185569410287,2.063653820047027,0.35,3.0,5.0,0.25
3,S1,0.9,1,0.0,0.35,2.0,1.9756661974213152,0.35,3.0,5.0,0.25
3,S1,0.9,1,1.0,0.35,1.9992397416771146,1.9976842826257968,0.35,3.0,5.0,0.25
3,S1,0.9,1,2.0,0.35,1.998934912089026,1.9496647061580712,0.35,3.0,5.0,0.25
3,S1,0.9,1,3.0,0.25,1.9886948410384344,1.9114111163414476,0.35,3.0,5.0,0.25
3,S1,0.9,1,4.0,0.25,1.3061677103056897,1.3353166349160313,0.35,3.0,5.0,0.25
3,S1,0.9,1,5.0,0.25,1.039915729869978,1.0360704767522513,0.35,3.0,5.0,0.25
3,S1,0.9,1,6.0,0.35,1.4592859370044122,1.4614424404410553,0.35,3.0,5.0,0.25
3,S1,0.9,1,7.0,0.35,1.702442066205076,1.667001657804954,0.35,3.0,5.0,0.25
3,S1,0.9,1,8.0,0.35,1.8337125097072666,1.8056583524498484,0.35,3.0,5.0,0.25
3,S1,0.9,1,9.0,0.35,1.903261884721274,1.950614185701554,0.35,3.0,5.0,0.25
3,S1,0.9,1,10.0,0.35,1.9408417002956722,1.936103245140886,0.35,3.0,5.0,0.25
3,S1,0.9,1,11.0,0.35,1.961850372065728,1.9617397228548632,0.35,3.0,5.0,0.25
3,S1,0.9,1,12.0,0.35,1.974065938309218,1.9817251136312812,0.35,3.0,5.0,0.25
3,S1,0.9,1,13.0,0.35,1.981464831775633,1.9633302619659683,0.35,3.0,5.0,0.25
3,S1,0.9,1,14.0,0.35,1.9861316898231387,1.9346658704433748,0.35,3.0,5.0,0.25
3,S1,0.9,1,15.0,0.35,1.989192659127235,1.9696017805764814,0.35,3.0,5.0,0.25
3,S1,0.9,2,0.0,0.35,2.0,2.025401023311999,0.35,3.0,5.0,0.25
3,S1,0.9,2,1.0,0.35,1.9992397416771146,1.9651642865956638,0.35,3.0,5.0,0.25
3,S1,0.9,2,2.0,0.35,1.998934912089026,2.000194169783779,0.35,3.0,5.0,0.25
3,S1,0.9,2,3.0,0.25,1.9886948410384344,1.971572038739703,0.35,3.0,5.0,0.25
3,S1,0.9,2,4.0,0.25,1.3061677103056897,1.272767242640775,0.35,3.0,5.0,0.25
3,S1,0.9,2,5.0,0.25,1.039915729869978,1.0491933389597867,0.35,3.0,5.0,0.25
3,S1,0.9,2,6.0,0.35,1.4592859370044122,1.4226072495557749,0.35,3.0,5.0,0.25
3,S1,0.9,2,7.0,0.35,1.702442066205076,1.716975846944901,0.35,3.0,5.0,0.25
3,S1,0.9,2,8.0,0.35,1.8337125097072666,1.8383016408593982,0.35,3.0,5.0,0.25
3,S1,0.9,2,9.0,0.35,1.903261884721274,1.918277006584128,0.35,3.0,5.0,0.25
3,S1,0.9,2,10.0,0.35,1.9408417002956722,1.9457892109560928,0.35,3.0,5.0,0.25
3,S1,0.9,2,11.0,0.35,1.961850372065728,1.961583207739741,0.35,3.0,5.0,0.25
3,S1,0.9,2,12.0,0.35,1.974065938309218,1.9741748028905823,0.35,3.0,5.0,0.25
3,S1,0.9,2,13.0,0.35,1.981464831775633,2.010725700632295,0.35,3.0,5.0,0.25
3,S1,0.9,2,14.0,0.35,1.9861316898231387,1.9941627355167801,0.35,3.0,5.0,0.25
3,S1,0.9,2,15.0,0.35,1.989192659127235,1.9986605812967801,0.35,3.0,5.0,0.25
3,S1,0.9,3,0.0,0.35,2.0,2.0250845028340874,0.35,3.0,5.0,0.25
3,S1,0.9,3,1.0,0.35,1.9992397416771146,2.0176244722819257,0.35,3.0,5.0,0.25
3,S1,0.9,3,2.0,0.35,1.998934912089026,2.0146504396392717,0.35,3.0,5.0,0.25
3,S1,0.9,3,3.0,0.25,1.9886948410384344,2.02067012823145,0.35,3.0,5.0,0.25
3,S1,0.9,3,4.0,0.25,1.3061677103056897,1.304677853363571,0.35,3.0,5.0,0.25
3,S1,0.9,3,5.0,0.25,1.039915729869978,1.0112860999521749,0.35,3.0,5.0,0.25
3,S1,0.9,3,6.0,0.35,1.4592859370044122,1.4687663945723652,0.35,3.0,5.0,0.25
3,S1,0.9,3,7.0,0.35,1.702442066205076,1.6853037791557228,0.35,3.0,5.0,0.25
3,S1,0.9,3,8.0,0.35,1.8337125097072666,1.7985371936368946,0.35,3.0,5.0,0.25
3,S1,0.9,3,9.0,0.35,1.903261884721274,1.9554309346222627,0.35,3.0,5.0,0.25
3,S1,0.9,3,10.0,0.35,1.9408417002956722,1.924894178083563,0.35,3.0,5.0,0.25
3,S1,0.9,3,11.0,0.35,1.961850372065728,1.95147901777399,0.35,3.0,5.0,0.25
3,S1,0.9,3,12.0,0.35,1.974065938309218,1.992543389573128,0.35,3.0,5.0,0.25
3,S1,0.9,3,13.0,0.35,1.981464831775633,1.9875750801641572,0.35,3.0,5.0,0.25
3,S1,0.9,3,14.0,0.35,1.9861316898231387,2.025510349390774,0.35,3.0,5.0,0.25
3,S1,0.9,3,15.0,0.35,1.989192659127235,2.0166173471262376,0.35,3.0,5.0,0.25
4,S1,0.95,1,0.0,0.35,2.0,1.9673148698480902,0.35,3.0,5.0,0.25
4,S1,0.95,1,1.0,0.35,1.9992377967399126,2.018828767003082,0.35,3.0,5.0,0.25
4,S1,0.95,1,2.0,0.35,1.9989053048762113,1.9944283086683674,0.35,3.0,5.0,0.25
4,S1,0.95,1,3.0,0.25,1.9910589060155053,2.0167696566921776,0.35,3.0,5.0,0.25
4,S1,0.95,1,4.0,0.25,1.3006009994642405,1.3459231815409531,0.35,3.0,5.0,0.25
4,S1,0.95,1,5.0,0.25,1.0084774064443538,1.0676311352158903,0.35,3.0,5.0,0.25
4,S1,0.95,1,6.0,0.35,1.391338566632143,1.3891804574491202,0.35,3.0,5.0,0.25
4,S1,0.95,1,7.0,0.35,1.6615735663798388,1.640937132609329,0.35,3.0,5.0,0.25
4,S1,0.95,1,8.0,0.35,1.8180773431824817,1.8022784777942464,0.35,3.0,5.0,0.25
4,S1,0.95,1,9.0,0.35,1.9014263379528002,1.8809597060299725,0.35,3.0,5.0,0.25
4,S1,0.95,1,10.0,0.35,1.9449213027817895,1.9582456386212135,0.35,3.0,5.0,0.25
4,S1,0.95,1,11.0,0.35,1.9677970304622567,1.9120178397132204,0.35,3.0,5.0,0.25
4,S1,0.95,1,12.0,0.35,1.9800921397418303,1.958647296117219,0.35,3.0,5.0,0.25
4,S1,0.95,1,13.0,0.35,1.9869005059743876,1.9943933105748128,0.35,3.0,5.0,0.25
4,S1,0.95,1,14.0,0.35,1.9908065281842604,1.9783713310987157,0.35,3.0,5.0,0.25
4,S1,0.95,1,15.0,0.35,1.9931376372730607,2.026073262511775,0.35,3.0,5.0,0.25
4,S1,0.95,2,0.0,0.35,2.0,2.0237049856225164,0.35,3.0,5.0,0.25
4,S1,0.95,2,1.0,0.35,1.9992377967399126,2.0203580723398713,0.35,3.0,5.0,0.25
4,S1,0.95,2,2.0,0.35,1.9989053048762113,2.0323478986758126,0.35,3.0,5.0,0.25
4,S1,0.95,2,3.0,0.25,1.9910589060155053,1.995304784650098,0.35,3.0,5.0,0.25
4,S1,0.95,2,4.0,0.25,1.3006009994642405,1.310514199772172,0.35,3.0,5.0,0.25
4,S1,0.95,2,5.0,0.25,1.0084774064443538,1.0460105224669336,0.35,3.0,5.0,0.25
4,S1,0.95,2,6.0,0.35,1.391338566632143,1.362505150032026,0.35,3.0,5.0,0.25
4,S1,0.95,2,7.0,0.35,1.6615735663798388,1.6760551329766618,0.35,3.0,5.0,0.25
4,S1,0.95,2,8.0,0.35,1.8180773431824817,1.8653280028192782,0.35,3.0,5.0,0.25
4,S1,0.95,2,9.0,0.35,1.9014263379528002,1.8990540692118478,0.35,3.0,5.0,0.25
4,S1,0.95,2,10.0,0.35,1.9449213027817895,1.966433122435551,0.35,3.0,5.0,0.25
4,S1,0.95,2,11.0,0.35,1.9677970304622567,1.9404523490235628,0.35,3.0,5.0,0.25
4,S1,0.95,2,12.0,0.35,1.9800921397418303,1.980528839779643,0.35,3.0,5.0,0.25
4,S1,0.95,2,13.0,0.35,1.9869005059743876,2.0119912144817182,0.35,3.0,5.0,0.25
4,S1,0.95,2,14.0,0.35,1.9908065281842604,2.0113600133404255,0.35,3.0,5.0,0.25
4,S1,0.95,2,15.0,0.35,1.9931376372730607,1.996487795413623,0.35,3.0,5.0,0.25
4,S1,0.95,3,0.0,0.35,2.0,1.9597119270216303,0.35,3.0,5.0,0.25
4,S1,0.95,3,1.0,0.35,1.9992377967399126,1.9393640727932764,0.35,3.0,5.0,0.25
4,S1,0.95,3,2.0,0.35,1.9989053048762113,2.0053770144908007,0.35,3.0,5.0,0.25
4,S1,0.95,3,3.0,0.25,1.9910589060155053,2.0204924689685235,0.35,3.0,5.0,0.25
4,S1,0.95,3,4.0,0.25,1.3006009994642405,1.32570574031916,0.35,3.0,5.0,0.25
4,S1,0.95,3,5.0,0.25,1.0084774064443538,0.9814103178274564,0.35,3.0,5.0,0.25
4,S1,0.95,3,6.0,0.35,1.391338566632143,1.333026421905824,0.35,3.0,5.0,0.25
4,S1,0.95,3,7.0,0.35,1.6615735663798388,1.6732662903225854,0.35,3.0,5.0,0.25
4,S1,0.95,3,8.0,0.35,1.8180773431824817,1.8071865115096422,0.35,3.0,5.0,0.25
4,S1,0.95,3,9.0,0.35,1.9014263379528002,1.9215273130549384,0.35,3.0,5.0,0.25
4,S1,0.95,3,10.0,0.35,1.9449213027817895,1.952396256548063,0.35,3.0,5.0,0.25
4,S1,0.95,3,11.0,0.35,1.9677970304622567,1.9974240096772946,0.35,3.0,5.0,0.25
4,S1,0.95,3,12.0,0.35,1.9800921397418303,1.9613735485625083,0.35,3.0,5.0,0.25
4,S1,0.95,3,13.0,0.35,1.9869005059743876,2.0044296453718307,0.35,3.0,5.0,0.25
4,S1,0.95,3,14.0,0.35,1.9908065281842604,2.00967036654824,0.35,3.0,5.0,0.25
4,S1,0.95,3,15.0,0.35,1.9931376372730607,2.0542735150635125,0.35,3.0,5.0,0.25
5,S2,0.8,1,0.0,0.4,0.05,0.07716308535004242,0.4,3.0,5.0,0.55
5,S2,0.8,1,1.0,0.4,0.05393363378053696,0.03021950145035185,0.4,3.0,5.0,0.55
5,S2,0.8,1,2.0,0.4,0.05530217874274814,0.008590242935757914,0.4,3.0,5.0,0.55
5,S2,0.8,1,3.0,0.55,0.05633264767203778,0.08507534554863302,0.4,3.0,5.0,0.55
5,S2,0.8,1,4.0,0.55,0.0753887028579308,0.028108474834465158,0.4,3.0,5.0,0.55
5,S2,0.8,1,5.0,0.55,0.08676324928646781,0.103569050553048,0.4,3.0,5.0,0.55
5,S2,0.8,1,6.0,0.4,0.06927384140173287,0.10348083333062781,0.4,3.0,5.0,0.55
5,S2,0.8,1,7.0,0.4,0.06386974551576545,0.05896180174791131,0.4,3.0,5.0,0.55
5,S2,0.8,1,8.0,0.4,0.06132937917838345,0.08714871781315092,0.4,3.0,5.0,0.55
5,S2,0.8,1,9.0,0.4,0.05997788815611766,0.02358770383367336,0.4,3.0,5.0,0.55
5,S2,0.8,1,10.0,0.4,0.059200403825633637,-0.0014547159871678012,0.4,3.0,5.0,0.55
5,S2,0.8,1,11.0,0.4,0.05872663652688516,0.019249964022622176,0.4,3.0,5.0,0.55
5,S2,0.8,1,12.0,0.4,0.05842458483126294,0.09385757123131663,0.4,3.0,5.0,0.55
5,S2,0.8,1,13.0,0.4,0.05822479798785425,0.014934765577084369,0.4,3.0,5.0,0.55
5,S2,0.8,1,14.0,0.4,0.058088565451549994,0.025374438776945174,0.4,3.0,5.0,0.55
5,S2,0.8,1,15.0,0.4,0.05799327229889189,0.06514097101454573,0.4,3.0,5.0,0.55
5,S2,0.8,2,0.0,0.4,0.05,0.0266665028979678,0.4,3.0,5.0,0.55
5,S2,0.8,2,1.0,0.4,0.05393363378053696,0.0789248572465624,0.4,3.0,5.0,0.55
5,S2,0.8,2,2.0,0.4,0.05530217874274814,0.029145769100379134,0.4,3.0,5.0,0.55
5,S2,0.8,2,3.0,0.55,0.05633264767203778,0.017625205446092654,0.4,3.0,5.0,0.55
5,S2,0.8,2,4.0,0.55,0.0753887028579308,0.01610283483890461,0.4,3.0,5.0,0.55
5,S2,0.8,2,5.0,0.55,0.08676324928646781,0.08056719522255282,0.4,3.0,5.0,0.55
5,S2,0.8,2,6.0,0.4,0.06927384140173287,0.03653889541985642,0.4,3.0,5.0,0.55
5,S2,0.8,2,7.0,0.4,0.06386974551576545,0.03326240796856858,0.4,3.0,5.0,0.55
5,S2,0.8,2,8.0,0.4,0.06132937917838345,-0.008810526239763514,0.4,3.0,5.0,0.55
5,S2,0.8,2,9.0,0.4,0.05997788815611766,0.027626609715210096,0.4,3.0,5.0,0.55
5,S2,0.8,2,10.0,0.4,0.059200403825633637,0.06634519709031185,0.4,3.0,5.0,0.55
5,S2,0.8,2,11.0,0.4,0.05872663652688516,0.03503878689781127,0.4,3.0,5.0,0.55
5,S2,0.8,2,12.0,0.4,0.05842458483126294,0.04839858036187937,0.4,3.0,5.0,0.55
5,S2,0.8,2,13.0,0.4,0.05822479798785425,0.07438950630946864,0.4,3.0,5.0,0.55
5,S2,0.8,2,14.0,0.4,0.058088565451549994,0.07392512025739287,0.4,3.0,5.0,0.55
5,S2,0.8,2,15.0,0.4,0.05799327229889189,0.0647683255177307,0.4,3.0,5.0,0.55
5,S2,0.8,3,0.0,0.4,0.05,0.03778815580037589,0.4,3.0,5.0,0.55
5,S2,0.8,3,1.0,0.4,0.05393363378053696,0.0648626900809251,0.4,3.0,5.0,0.55
5,S2,0.8,3,2.0,0.4,0.05530217874274814,0.10408326308899421,0.4,3.0,5.0,0.55
5,S2,0.8,3,3.0,0.55,0.05633264767203778,0.051985332805573714,0.4,3.0,5.0,0.55
5,S2,0.8,3,4.0,0.55,0.0753887028579308,0.09296577202283024,0.4,3.0,5.0,0.55
5,S2,0.8,3,5.0,0.55,0.08676324928646781,0.07699221619755466,0.4,3.0,5.0,0.55
5,S2,0.8,3,6.0,0.4,0.06927384140173287,0.06785636002515756,0.4,3.0,5.0,0.55
5,S2,0.8,3,7.0,0.4,0.06386974551576545,0.03309446707830489,0.4,3.0,5.0,0.55
5,S2,0.8,3,8.0,0.4,0.06132937917838345,0.06269584189416656,0.4,3.0,5.0,0.55
5,S2,0.8,3,9.0,0.4,0.05997788815611766,0.03220541698168425,0.4,3.0,5.0,0.55
5,S2,0.8,3,10.0,0.4,0.059200403825633637,0.08641954180118072,0.4,3.0,5.0,0.55
5,S2,0.8,3,11.0,0.4,0.05872663652688516,0.04732005702096783,0.4,3.0,5.0,0.55
5,S2,0.8,3,12.0,0.4,0.05842458483126294,0.06127101217671226,0.4,3.0,5.0,0.55
5,S2,0.8,3,13.0,0.4,0.05822479798785425,0.06765814239761006,0.4,3.0,5.0,0.55
5,S2,0.8,3,14.0,0.4,0.058088565451549994,0.05823072638460442,0.4,3.0,5.0,0.55
5,S2,0.8,3,15.0,0.4,0.05799327229889189,0.07843074388017092,0.4,3.0,5.0,0.55
6,S2,0.85,1,0.0,0.4,0.05,0.07514874365463955,0.4,3.0,5.0,0.55
6,S2,0.85,1,1.0,0.4,0.053953478092348225,0.041661955684169846,0.4,3.0,5.0,0.55
6,S2,0.85,1,2.0,0.4,0.05545121631922405,0.12390698356883924,0.4,3.0,5.0,0.55
6,S2,0.85,1,3.0,0.55,0.056463570249504165,0.06205147679443247,0.4,3.0,5.0,0.55
6,S2,0.85,1,4.0,0.55,0.07558472072093686,-0.039540250813066544,0.4,3.0,5.0,0.55
6,S2,0.85,1,5.0,0.55,0.08792036268437312,0.07790244035960303,0.4,3.0,5.0,0.55
6,S2,0.85,1,6.0,0.4,0.07078875716174164,0.10213671612459516,0.4,3.0,5.0,0.55
6,S2,0.85,1,7.0,0.4,0.06466352946842745,0.04382303329590234,0.4,3.0,5.0,0.55
6,S2,0.85,1,8.0,0.4,0.06171641274399022,0.048477501937872244,0.4,3.0,5.0,0.55
6,S2,0.85,1,9.0,0.4,0.060159738601912795,0.07066634784470449,0.4,3.0,5.0,0.55
6,S2,0.85,1,10.0,0.4,0.059283467520063395,0.05303497621914577,0.4,3.0,5.0,0.55
6,S2,0.85,1,11.0,0.4,0.05876469936479386,0.09798177494537005,0.4,3.0,5.0,0.55
6,S2,0.85,1,12.0,0.4,0.05844431727051282,0.016451207919972816,0.4,3.0,5.0,0.55
6,S2,0.85,1,13.0,0.4,0.05823912537347065,0.01638946798112289,0.4,3.0,5.0,0.55
6,S2,0.85,1,14.0,0.4,0.05810348120523652,0.12064303219528223,0.4,3.0,5.0,0.55
6,S2,0.85,1,15.0,0.4,0.058011297586635,-0.006956765863054999,0.4,3.0,5.0,0.55
6,S2,0.85,2,0.0,0.4,0.05,0.020117538282309763,0.4,3.0,5.0,0.55
6,S2,0.85,2,1.0,0.4,0.053953478092348225,0.082684470560551,0.4,3.0,5.0,0.55
6,S2,0.85,2,2.0,0.4,0.05545121631922405,0.07513419655715914,0.4,3.0,5.0,0.55
6,S2,0.85,2,3.0,0.55,0.056463570249504165,0.0007979654622805449,0.4,3.0,5.0,0.55
6,S2,0.85,2,4.0,0.55,0.07558472072093686,0.06874698820599506,0.4,3.0,5.0,0.55
6,S2,0.85,2,5.0,0.55,0.08792036268437312,0.04785085547147146,0.4,3.0,5.0,0.55
6,S2,0.85,2,6.0,0.4,0.07078875716174164,0.0691851979686873,0.4,3.0,5.0,0.55
6,S2,0.85,2,7.0,0.4,0.06466352946842745,0.05912556058640658,0.4,3.0,5.0,0.55
6,S2,0.85,2,8.0,0.4,0.06171641274399022,0.07682487393063682,0.4,3.0,5.0,0.55
6,S2,0.85,2,9.0,0.4,0.060159738601912795,0.012913678864643216,0.4,3.0,5.0,0.55
6,S2,0.85,2,10.0,0.4,0.059283467520063395,-0.014679926578519152,0.4,3.0,5.0,0.55
6,S2,0.85,2,11.0,0.4,0.05876469936479386,0.023518949248978023,0.4,3.0,5.0,0.55
6,S2,0.85,2,12.0,0.4,0.05844431727051282,0.09124201551126995,0.4,3.0,5.0,0.55
6,S2,0.85,2,13.0,0.4,0.05823912537347065,0.05348148435685464,0.4,3.0,5.0,0.55
6,S2,0.85,2,14.0,0.4,0.05810348120523652,0.02209630577238894,0.4,3.0,5.0,0.55
6,S2,0.85,2,15.0,0.4,0.058011297586635,0.04641298246674648,0.4,3.0,5.0,0.55
6,S2,0.85,3,0.0,0.4,0.05,0.08559617062500671,0.4,3.0,5.0,0.55
6,S2,0.85,3,1.0,0.4,0.053953478092348225,0.1087036743906945,0.4,3.0,5.0,0.55
6,S2,0.85,3,2.0,0.4,0.05545121631922405,0.015874815517080712,0.4,3.0,5.0,0.55
6,S2,0.85,3,3.0,0.55,0.056463570249504165,0.04674174865459382,0.4,3.0,5.0,0.55
6,S2,0.85,3,4.0,0.55,0.07558472072093686,0.08418218883103863,0.4,3.0,5.0,0.55
6,S2,0.85,3,5.0,0.55,0.08792036268437312,0.14486504348688634,0.4,3.0,5.0,0.55
6,S2,0.85,3,6.0,0.4,0.07078875716174164,0.07424555397136416,0.4,3.0,5.0,0.55
6,S2,0.85,3,7.0,0.4,0.06466352946842745,0.06920028938115222,0.4,3.0,5.0,0.55
6,S2,0.85,3,8.0,0.4,0.06171641274399022,0.04516075282187759,0.4,3.0,5.0,0.55
6,S2,0.85,3,9.0,0.4,0.060159738601912795,0.06586946999845472,0.4,3.0,5.0,0.55
6,S2,0.85,3,10.0,0.4,0.059283467520063395,0.02689467753894302,0.4,3.0,5.0,0.55
6,S2,0.85,3,11.0,0.4,0.05876469936479386,0.09135748077880385,0.4,3.0,5.0,0.55
6,S2,0.85,3,12.0,0.4,0.05844431727051282,0.07527619342707928,0.4,3.0,5.0,0.55
6,S2,0.85,3,13.0,0.4,0.05823912537347065,0.056730243580973595,0.4,3.0,5.0,0.55
6,S2,0.85,3,14.0,0.4,0.05810348120523652,0.03528176084377015,0.4,3.0,5.0,0.55
6,S2,0.85,3,15.0,0.4,0.058011297586635,0.06636228382944427,0.4,3.0,5.0,0.55
7,S2,0.9,1,0.0,0.4,0.05,0.02068058240733803,0.4,3.0,5.0,0.55
7,S2,0.9,1,1.0,0.4,0.0539679313075063,0.05374728257581662,0.4,3.0,5.0,0.55
7,S2,0.9,1,2.0,0.4,0.05560382637232713,0.06062687319918066,0.4,3.0,5.0,0.55
7,S2,0.9,1,3.0,0.55,0.05661787062632709,0.019395756534585112,0.4,3.0,5.0,0.55
7,S2,0.9,1,4.0,0.55,0.07575078825109338,0.03716237418678107,0.4,3.0,5.0,0.55
7,S2,0.9,1,5.0,0.55,0.08906401887954625,0.07825017920057561,0.4,3.0,5.0,0.55
7,S2,0.9,1,6.0,0.4,0.0724008910901624,0.07235678914089481,0.4,3.0,5.0,0.55
7,S2,0.9,1,7.0,0.4,0.06548615190886876,0.08445679036207586,0.4,3.0,5.0,0.55
7,S2,0.9,1,8.0,0.4,0.062066142491503544,0.02347578082089591,0.4,3.0,5.0,0.55
7,S2,0.9,1,9.0,0.4,0.060274185488889354,0.05976449055112253,0.4,3.0,5.0,0.55
7,S2,0.9,1,10.0,0.4,0.05929285255735691,0.0885462699671749,0.4,3.0,5.0,0.55
7,S2,0.9,1,11.0,0.4,0.05873398586743422,0.06917666464092818,0.4,3.0,5.0,0.55
7,S2,0.9,1,12.0,0.4,0.05840398392094835,0.06855548260515268,0.4,3.0,5.0,0.55
7,S2,0.9,1,13.0,0.4,0.05820240113531893,-0.0027052721510505764,0.4,3.0,5.0,0.55
7,S2,0.9,1,14.0,0.4,0.05807527975803152,0.03221609881249534,0.4,3.0,5.0,0.55
7,S2,0.9,1,15.0,0.4,0.0579926948316823,0.06178274070499183,0.4,3.0,5.0,0.55
7,S2,0.9,2,0.0,0.4,0.05,0.07801065070526382,0.4,3.0,5.0,0.55
7,S2,0.9,2,1.0,0.4,0.0539679313075063,0.02183926608351025,0.4,3.0,5.0,0.55
7,S2,0.9,2,2.0,0.4,0.05560382637232713,0.08524859427826213,0.4,3.0,5.0,0.55
7,S2,0.9,2,3.0,0.55,0.05661787062632709,0.09605837006189409,0.4,3.0,5.0,0.55
7,S2,0.9,2,4.0,0.55,0.07575078825109338,0.10055442580527008,0.4,3.0,5.0,0.55
7,S2,0.9,2,5.0,0.55,0.08906401887954625,0.061557156747524655,0.4,3.0,5.0,0.55
7,S2,0.9,2,6.0,0.4,0.0724008910901624,0.05165834053916371,0.4,3.0,5.0,0.55
7,S2,0.9,2,7.0,0.4,0.06548615190886876,0.059170870812283685,0.4,3.0,5.0,0.55
7,S2,0.9,2,8.0,0.4,0.062066142491503544,0.030455641188842246,0.4,3.0,5.0,0.55
7,S2,0.9,2,9.0,0.4,0.060274185488889354,0.08789324767178897,0.4,3.0,5.0,0.55
7,S2,0.9,2,10.0,0.4,0.05929285255735691,0.030285960383474194,0.4,3.0,5.0,0.55
7,S2,0.9,2,11.0,0.4,0.05873398586743422,0.13473642085048138,0.4,3.0,5.0,0.55
7,S2,0.9,2,12.0,0.4,0.05840398392094835,0.06645147504569117,0.4,3.0,5.0,0.55
7,S2,0.9,2,13.0,0.4,0.05820240113531893,0.04920841318027136,0.4,3.0,5.0,0.55
7,S2,0.9,2,14.0,0.4,0.05807527975803152,0.0667585910217465,0.4,3.0,5.0,0.55
7,S2,0.9,2,15.0,0.4,0.0579926948316823,0.0164314627371569,0.4,3.0,5.0,0.55
7,S2,0.9,3,0.0,0.4,0.05,0.05167441783798094,0.4,3.0,5.0,0.55
7,S2,0.9,3,1.0,0.4,0.0539679313075063,0.002483415909920045,0.4,3.0,5.0,0.55
7,S2,0.9,3,2.0,0.4,0.05560382637232713,0.016309825797313195,0.4,3.0,5.0,0.55
7,S2,0.9,3,3.0,0.55,0.05661787062632709,0.07318547812388655,0.4,3.0,5.0,0.55
7,S2,0.9,3,4.0,0.55,0.07575078825109338,0.08230948877742986,0.4,3.0,5.0,0.55
7,S2,0.9,3,5.0,0.55,0.08906401887954625,0.08809886848287113,0.4,3.0,5.0,0.55
7,S2,0.9,3,6.0,0.4,0.0724008910901624,0.07541270558341635,0.4,3.0,5.0,0.55
7,S2,0.9,3,7.0,0.4,0.06548615190886876,0.12596410160085525,0.4,3.0,5.0,0.55
7,S2,0.9,3,8.0,0.4,0.062066142491503544,0.07344510673586972,0.4,3.0,5.0,0.55
7,S2,0.9,3,9.0,0.4,0.060274185488889354,0.1293466315544713,0.4,3.0,5.0,0.55
7,S2,0.9,3,10.0,0.4,0.05929285255735691,0.06778452739955768,0.4,3.0,5.0,0.55
7,S2,0.9,3,11.0,0.4,0.05873398586743422,0.03742512797016637,0.4,3.0,5.0,0.55
7,S2,0.9,3,12.0,0.4,0.05840398392094835,0.04673707347563953,0.4,3.0,5.0,0.55
7,S2,0.9,3,13.0,0.4,0.05820240113531893,0.04297080299154713,0.4,3.0,5.0,0.55
7,S2,0.9,3,14.0,0.4,0.05807527975803152,0.06862448796978984,0.4,3.0,5.0,0.55
7,S2,0.9,3,15.0,0.4,0.0579926948316823,0.08941844745234655,0.4,3.0,5.0,0.55
8,S2,0.95,1,0.0,0.4,0.05,0.0711844217913263,0.4,3.0,5.0,0.55
8,S2,0.95,1,1.0,0.4,0.053976430499184866,0.039762349826143226,0.4,3.0,5.0,0.55
8,S2,0.95,1,2.0,0.4,0.05576005384229858,0.10608754642693836,0.4,3.0,5.0,0.55
8,S2,0.95,1,3.0,0.55,0.056792429885452696,0.06861443477480153,0.4,3.0,5.0,0.55
8,S2,0.95,1,4.0,0.55,0.07588776112558553,0.10148646853954649,0.4,3.0,5.0,0.55
8,S2,0.95,1,5.0,0.55,0.090190868435029,0.17829178640658339,0.4,3.0,5.0,0.55
8,S2,0.95,1,6.0,0.4,0.07411598493176748,0.07886598475984936,0.4,3.0,5.0,0.55
8,S2,0.95,1,7.0,0.4,0.06634477001092388,0.04130847318707908,0.4,3.0,5.0,0.55
8,S2,0.95,1,8.0,0.4,0.06237432270349437,0.08134612573476986,0.4,3.0,5.0,0.55
8,S2,0.95,1,9.0,0.4,0.06031122040100994,0.06844090684344364,0.4,3.0,5.0,0.55
8,S2,0.95,1,10.0,0.4,0.05921920402042454,0.05174020175267189,0.4,3.0,5.0,0.55
8,S2,0.95,1,11.0,0.4,0.05862878845520455,0.045616124016135275,0.4,3.0,5.0,0.55
8,S2,0.95,1,12.0,0.4,0.058301966944056566,0.06597521515167684,0.4,3.0,5.0,0.55
8,S2,0.95,1,13.0,0.4,0.058116372554086734,0.06250801829399812,0.4,3.0,5.0,0.55
8,S2,0.95,1,14.0,0.4,0.058008052856101396,0.14264575584772185,0.4,3.0,5.0,0.55
8,S2,0.95,1,15.0,0.4,0.05794298051064153,0.03075242139075955,0.4,3.0,5.0,0.55
8,S2,0.95,2,0.0,0.4,0.05,0.01989471480816518,0.4,3.0,5.0,0.55
8,S2,0.95,2,1.0,0.4,0.053976430499184866,0.09106947320397119,0.4,3.0,5.0,0.55
8,S2,0.95,2,2.0,0.4,0.05576005384229858,0.052764850493096475,0.4,3.0,5.0,0.55
8,S2,0.95,2,3.0,0.55,0.056792429885452696,0.027135601721058982,0.4,3.0,5.0,0.55
8,S2,0.95,2,4.0,0.55,0.07588776112558553,0.02964299171832596,0.4,3.0,5.0,0.55
8,S2,0.95,2,5.0,0.55,0.090190868435029,0.08140749131570113,0.4,3.0,5.0,0.55
8,S2,0.95,2,6.0,0.4,0.07411598493176748,0.06787428899726494,0.4,3.0,5.0,0.55
8,S2,0.95,2,7.0,0.4,0.06634477001092388,0.0616088278097136,0.4,3.0,5.0,0.55
8,S2,0.95,2,8.0,0.4,0.06237432270349437,0.02198445666274916,0.4,3.0,5.0,0.55
8,S2,0.95,2,9.0,0.4,0.06031122040100994,0.044424661736759574,0.4,3.0,5.0,0.55
8,S2,0.95,2,10.0,0.4,0.05921920402042454,0.021818869034797725,0.4,3.0,5.0,0.55
8,S2,0.95,2,11.0,0.4,0.05862878845520455,0.06252194886239291,0.4,3.0,5.0,0.55
8,S2,0.95,2,12.0,0.4,0.058301966944056566,0.033483658194776986,0.4,3.0,5.0,0.55
8,S2,0.95,2,13.0,0.4,0.058116372554086734,0.051291316998679636,0.4,3.0,5.0,0.55
8,S2,0.95,2,14.0,0.4,0.058008052856101396,0.09382362565230176,0.4,3.0,5.0,0.55
8,S2,0.95,2,15.0,0.4,0.05794298051064153,0.014757893125645058,0.4,3.0,5.0,0.55
8,S2,0.95,3,0.0,0.4,0.05,0.03799029679206529,0.4,3.0,5.0,0.55
8,S2,0.95,3,1.0,0.4,0.053976430499184866,0.07791941221331598,0.4,3.0,5.0,0.55
8,S2,0.95,3,2.0,0.4,0.05576005384229858,0.02040645761485519,0.4,3.0,5.0,0.55
8,S2,0.95,3,3.0,0.55,0.056792429885452696,0.05949228371042658,0.4,3.0,5.0,0.55
8,S2,0.95,3,4.0,0.55,0.07588776112558553,0.10404384070170253,0.4,3.0,5.0,0.55
8,S2,0.95,3,5.0,0.55,0.090190868435029,0.056749657021175126,0.4,3.0,5.0,0.55
8,S2,0.95,3,6.0,0.4,0.07411598493176748,0.12899652647300566,0.4,3.0,5.0,0.55
8,S2,0.95,3,7.0,0.4,0.06634477001092388,0.04732559867552631,0.4,3.0,5.0,0.55
8,S2,0.95,3,8.0,0.4,0.06237432270349437,0.08509833874283446,0.4,3.0,5.0,0.55
8,S2,0.95,3,9.0,0.4,0.06031122040100994,0.007410499974846212,0.4,3.0,5.0,0.55
8,S2,0.95,3,10.0,0.4,0.05921920402042454,0.01961905517852766,0.4,3.0,5.0,0.55
8,S2,0.95,3,11.0,0.4,0.05862878845520455,0.0178198097753789,0.4,3.0,5.0,0.55
8,S2,0.95,3,12.0,0.4,0.058301966944056566,0.040365703014702145,0.4,3.0,5.0,0.55
8,S2,0.95,3,13.0,0.4,0.058116372554086734,0.08713693486504756,0.4,3.0,5.0,0.55
8,S2,0.95,3,14.0,0.4,0.058008052856101396,0.08167833325149658,0.4,3.0,5.0,0.55
8,S2,0.95,3,15.0,0.4,0.05794298051064153,0.06051554094935097,0.4,3.0,5.0,0.55
9,S3,0.8,1,0.0,0.45,2.0,1.9985505755191657,0.45,NaN,NaN,NaN
9,S3,0.8,1,1.0,0.45,2.533595246673065,2.5366039177322532,0.45,NaN,NaN,NaN
9,S3,0.8,1,2.0,0.45,2.7415925989286554,2.697453778098808,0.45,NaN,NaN,NaN
9,S3,0.8,1,3.0,0.45,2.852373326089172,2.828734845791297,0.45,NaN,NaN,NaN
9,S3,0.8,1,4.0,0.45,2.9180667201137376,2.8766328695521377,0.45,NaN,NaN,NaN
9,S3,0.8,1,5.0,0.45,2.960042459486215,2.9311481659657783,0.45,NaN,NaN,NaN
9,S3,0.8,1,6.0,0.45,2.9884628093666787,3.052698552494945,0.45,NaN,NaN,NaN
9,S3,0.8,1,7.0,0.45,3.008629880505279,2.9608744153139583,0.45,NaN,NaN,NaN
9,S3,0.8,1,8.0,0.45,3.0235072605295543,2.9908418910221304,0.45,NaN,NaN,NaN
9,S3,0.8,1,9.0,0.45,3.03484542428988,3.0105695440714704,0.45,NaN,NaN,NaN
9,S3,0.8,1,10.0,0.45,3.043727066225957,3.031045009153639,0.45,NaN,NaN,NaN
9,S3,0.8,1,11.0,0.45,3.0508487843353205,3.016809591777786,0.45,NaN,NaN,NaN
9,S3,0.8,1,12.0,0.45,3.056674399099223,3.046552301803566,0.45,NaN,NaN,NaN
9,S3,0.8,1,13.0,0.45,3.0615221871552403,3.0547975253100508,0.45,NaN,NaN,NaN
9,S3,0.8,1,14.0,0.45,3.0656164579561405,3.007339676999616,0.45,NaN,NaN,NaN
9,S3,0.8,1,15.0,0.45,3.0691190968851223,3.1255155507926586,0.45,NaN,NaN,NaN
9,S3,0.8,2,0.0,0.45,2.0,1.9900495607721496,0.45,NaN,NaN,NaN
9,S3,0.8,2,1.0,0.45,2.533595246673065,2.5244560767415547,0.45,NaN,NaN,NaN
9,S3,0.8,2,2.0,0.45,2.7415925989286554,2.7236259746666103,0.45,NaN,NaN,NaN
9,S3,0.8,2,3.0,0.45,2.852373326089172,2.8403735793156257,0.45,NaN,NaN,NaN
9,S3,0.8,2,4.0,0.45,2.9180667201137376,2.8508853629989934,0.45,NaN,NaN,NaN
9,S3,0.8,2,5.0,0.45,2.960042459486215,2.9997244596423895,0.45,NaN,NaN,NaN
9,S3,0.8,2,6.0,0.45,2.9884628093666787,3.049950567526594,0.45,NaN,NaN,NaN
9,S3,0.8,2,7.0,0.45,3.008629880505279,3.013603468201956,0.45,NaN,NaN,NaN
9,S3,0.8,2,8.0,0.45,3.0235072605295543,3.050284360463282,0.45,NaN,NaN,NaN
9,S3,0.8,2,9.0,0.45,3.03484542428988,2.93711128710374,0.45,NaN,NaN,NaN
9,S3,0.8,2,10.0,0.45,3.043727066225957,2.987448387467594,0.45,NaN,NaN,NaN
9,S3,0.8,2,11.0,0.45,3.0508487843353205,3.04346118778239,0.45,NaN,NaN,NaN
9,S3,0.8,2,12.0,0.45,3.056674399099223,3.039745246708404,0.45,NaN,NaN,NaN
9,S3,0.8,2,13.0,0.45,3.0615221871552403,3.0528481222695443,0.45,NaN,NaN,NaN
9,S3,0.8,2,14.0,0.45,3.0656164579561405,3.0726374654756743,0.45,NaN,NaN,NaN
9,S3,0.8,2,15.0,0.45,3.0691190968851223,3.127604846124369,0.45,NaN,NaN,NaN
9,S3,0.8,3,0.0,0.45,2.0,1.9852912263450195,0.45,NaN,NaN,NaN
9,S3,0.8,3,1.0,0.45,2.533595246673065,2.510270854290514,0.45,NaN,NaN,NaN
9,S3,0.8,3,2.0,0.45,2.7415925989286554,2.7315807805416283,0.45,NaN,NaN,NaN
9,S3,0.8,3,3.0,0.45,2.852373326089172,2.8259383738808284,0.45,NaN,NaN,NaN
9,S3,0.8,3,4.0,0.45,2.9180667201137376,2.892588030867786,0.45,NaN,NaN,NaN
9,S3,0.8,3,5.0,0.45,2.960042459486215,2.9554173341442973,0.45,NaN,NaN,NaN
9,S3,0.8,3,6.0,0.45,2.9884628093666787,2.972931319325764,0.45,NaN,NaN,NaN
9,S3,0.8,3,7.0,0.45,3.008629880505279,3.0145032357735926,0.45,NaN,NaN,NaN
9,S3,0.8,3,8.0,0.45,3.0235072605295543,3.0013023464824236,0.45,NaN,NaN,NaN
9,S3,0.8,3,9.0,0.45,3.03484542428988,3.039876202192031,0.45,NaN,NaN,NaN
9,S3,0.8,3,10.0,0.45,3.043727066225957,3.031064997775523,0.45,NaN,NaN,NaN
9,S3,0.8,3,11.0,0.45,3.0508487843353205,3.0520241340210426,0.45,NaN,NaN,NaN
9,S3,0.8,3,12.0,0.45,3.056674399099223,3.088029440384847,0.45,NaN,NaN,NaN
9,S3,0.8,3,13.0,0.45,3.0615221871552403,3.0632568629519037,0.45,NaN,NaN,NaN
9,S3,0.8,3,14.0,0.45,3.0656164579561405,3.0824618167103686,0.45,NaN,NaN,NaN
9,S3,0.8,3,15.0,0.45,3.0691190968851223,3.0258524044566664,0.45,NaN,NaN,NaN
10,S3,0.85,1,0.0,0.45,2.0,2.023508507292922,0.45,NaN,NaN,NaN
10,S3,0.85,1,1.0,0.45,2.5343419164678096,2.4878446753174974,0.45,NaN,NaN,NaN
10,S3,0.85,1,2.0,0.45,2.7617439041428273,2.7781322019644024,0.45,NaN,NaN,NaN
10,S3,0.85,1,3.0,0.45,2.881336906235645,2.882263049154642,0.45,NaN,NaN,NaN
10,S3,0.85,1,4.0,0.45,2.949735128204519,2.989874961622452,0.45,NaN,NaN,NaN
10,S3,0.85,1,5.0,0.45,2.9915095033630625,2.9901415974020877,0.45,NaN,NaN,NaN
10,S3,0.85,1,6.0,0.45,3.018488299961677,3.035636939258808,0.45,NaN,NaN,NaN
10,S3,0.85,1,7.0,0.45,3.036779110055106,3.041250190694014,0.45,NaN,NaN,NaN
10,S3,0.85,1,8.0,0.45,3.0497179141089945,3.043689709098185,0.45,NaN,NaN,NaN
10,S3,0.85,1,9.0,0.45,3.0592164854398387,3.062965005813059,0.45,NaN,NaN,NaN
10,S3,0.85,1,10.0,0.45,3.066417850167379,3.086963259998137,0.45,NaN,NaN,NaN
10,S3,0.85,1,11.0,0.45,3.0720319179793174,3.07094965057365,0.45,NaN,NaN,NaN
10,S3,0.85,1,12.0,0.45,3.076515070627293,3.1187960641285506,0.45,NaN,NaN,NaN
10,S3,0.85,1,13.0,0.45,3.0801700606322924,3.078472509458335,0.45,NaN,NaN,NaN
10,S3,0.85,1,14.0,0.45,3.0832035571714433,3.090953182850702,0.45,NaN,NaN,NaN
10,S3,0.85,1,15.0,0.45,3.0857603671523757,3.08112149008769,0.45,NaN,NaN,NaN
10,S3,0.85,2,0.0,0.45,2.0,1.999417480294853,0.45,NaN,NaN,NaN
10,S3,0.85,2,1.0,0.45,2.5343419164678096,2.5065755052668925,0.45,NaN,NaN,NaN
10,S3,0.85,2,2.0,0.45,2.7617439041428273,2.789408991176757,0.45,NaN,NaN,NaN
10,S3,0.85,2,3.0,0.45,2.881336906235645,2.875705533438219,0.45,NaN,NaN,NaN
10,S3,0.85,2,4.0,0.45,2.949735128204519,2.9340069622177953,0.45,NaN,NaN,NaN
10,S3,0.85,2,5.0,0.45,2.9915095033630625,2.9890753855992576,0.45,NaN,NaN,NaN
10,S3,0.85,2,6.0,0.45,3.018488299961677,3.040446191830132,0.45,NaN,NaN,NaN
10,S3,0.85,2,7.0,0.45,3.036779110055106,3.040483674402202,0.45,NaN,NaN,NaN
10,S3,0.85,2,8.0,0.45,3.0497179141089945,3.0288056881513272,0.45,NaN,NaN,NaN
10,S3,0.85,2,9.0,0.45,3.0592164854398387,3.1015682680701127,0.45,NaN,NaN,NaN
10,S3,0.85,2,10.0,0.45,3.066417850167379,3.0864350010199773,0.45,NaN,NaN,NaN
10,S3,0.85,2,11.0,0.45,3.0720319179793174,3.043424378570469,0.45,NaN,NaN,NaN
10,S3,0.85,2,12.0,0.45,3.076515070627293,3.021892761770209,0.45,NaN,NaN,NaN
10,S3,0.85,2,13.0,0.45,3.0801700606322924,3.0304182087414624,0.45,NaN,NaN,NaN
10,S3,0.85,2,14.0,0.45,3.0832035571714433,3.1101251858677634,0.45,NaN,NaN,NaN
10,S3,0.85,2,15.0,0.45,3.0857603671523757,3.1071520171840246,0.45,NaN,NaN,NaN
10,S3,0.85,3,0.0,0.45,2.0,2.0065149172435035,0.45,NaN,NaN,NaN
10,S3,0.85,3,1.0,0.45,2.5343419164678096,2.5279094017260855,0.45,NaN,NaN,NaN
10,S3,0.85,3,2.0,0.45,2.7617439041428273,2.815467684166904,0.45,NaN,NaN,NaN
10,S3,0.85,3,3.0,0.45,2.881336906235645,2.838910433926498,0.45,NaN,NaN,NaN
10,S3,0.85,3,4.0,0.45,2.949735128204519,2.93816438076462,0.45,NaN,NaN,NaN
10,S3,0.85,3,5.0,0.45,2.9915095033630625,3.0365780704529897,0.45,NaN,NaN,NaN
10,S3,0.85,3,6.0,0.45,3.018488299961677,3.1076098301998183,0.45,NaN,NaN,NaN
10,S3,0.85,3,7.0,0.45,3.036779110055106,3.0336263635321234,0.45,NaN,NaN,NaN
10,S3,0.85,3,8.0,0.45,3.0497179141089945,3.0743554029731737,0.45,NaN,NaN,NaN
10,S3,0.85,3,9.0,0.45,3.0592164854398387,3.072980702805451,0.45,NaN,NaN,NaN
10,S3,0.85,3,10.0,0.45,3.066417850167379,3.0478081931267176,0.45,NaN,NaN,NaN
10,S3,0.85,3,11.0,0.45,3.0720319179793174,3.0461066598238036,0.45,NaN,NaN,NaN
10,S3,0.85,3,12.0,0.45,3.076515070627293,3.0087431297712643,0.45,NaN,NaN,NaN
10,S3,0.85,3,13.0,0.45,3.0801700606322924,3.0516049824665545,0.45,NaN,NaN,NaN
10,S3,0.85,3,14.0,0.45,3.0832035571714433,3.1021532823697604,0.45,NaN,NaN,NaN
10,S3,0.85,3,15.0,0.45,3.0857603671523757,3.139171807277809,0.45,NaN,NaN,NaN
11,S3,0.9,1,0.0,0.45,2.0,2.0081092639490987,0.45,NaN,NaN,NaN
11,S3,0.9,1,1.0,0.45,2.5341985595829613,2.5730816115255335,0.45,NaN,NaN,NaN
11,S3,0.9,1,2.0,0.45,2.7821745610662263,2.8055764245518926,0.45,NaN,NaN,NaN
11,S3,0.9,1,3.0,0.45,2.9110677249999393,2.96150930665706,0.45,NaN,NaN,NaN
11,S3,0.9,1,4.0,0.45,2.981784909178313,2.9894344617095294,0.45,NaN,NaN,NaN
11,S3,0.9,1,5.0,0.45,3.0226118701776277,3.005112457406042,0.45,NaN,NaN,NaN
11,S3,0.9,1,6.0,0.45,3.0473785414087278,3.0700512286059873,0.45,NaN,NaN,NaN
11,S3,0.9,1,7.0,0.45,3.0631403106184396,3.0540111038031856,0.45,NaN,NaN,NaN
11,S3,0.9,1,8.0,0.45,3.0736409309257002,3.0887924218488254,0.45,NaN,NaN,NaN
11,S3,0.9,1,9.0,0.45,3.08094254076346,3.0409223942989936,0.45,NaN,NaN,NaN
11,S3,0.9,1,10.0,0.45,3.086222537423659,3.099169685290564,0.45,NaN,NaN,NaN
11,S3,0.9,1,11.0,0.45,3.0901769262800824,3.071285791421594,0.45,NaN,NaN,NaN
11,S3,0.9,1,12.0,0.45,3.093231218027107,3.0961681266327754,0.45,NaN,NaN,NaN
11,S3,0.9,1,13.0,0.45,3.0956541379166658,3.091676931765927,0.45,NaN,NaN,NaN
11,S3,0.9,1,14.0,0.45,3.0976207601860963,3.105458368916726,0.45,NaN,NaN,NaN
11,S3,0.9,1,15.0,0.45,3.0992485670304535,3.0962425396611133,0.45,NaN,NaN,NaN
11,S3,0.9,2,0.0,0.45,2.0,2.0030515925762593,0.45,NaN,NaN,NaN
11,S3,0.9,2,1.0,0.45,2.5341985595829613,2.560091184327621,0.45,NaN,NaN,NaN
11,S3,0.9,2,2.0,0.45,2.7821745610662263,2.789979058579108,0.45,NaN,NaN,NaN
11,S3,0.9,2,3.0,0.45,2.9110677249999393,2.917855809255408,0.45,NaN,NaN,NaN
11,S3,0.9,2,4.0,0.45,2.981784909178313,2.9848706825722244,0.45,NaN,NaN,NaN
11,S3,0.9,2,5.0,0.45,3.0226118701776277,3.014018241126559,0.45,NaN,NaN,NaN
11,S3,0.9,2,6.0,0.45,3.0473785414087278,3.0042110470024275,0.45,NaN,NaN,NaN
11,S3,0.9,2,7.0,0.45,3.0631403106184396,3.0693488923985726,0.45,NaN,NaN,NaN
11,S3,0.9,2,8.0,0.45,3.0736409309257002,3.065445012729573,0.45,NaN,NaN,NaN
11,S3,0.9,2,9.0,0.45,3.08094254076346,3.090863504164437,0.45,NaN,NaN,NaN
11,S3,0.9,2,10.0,0.45,3.086222537423659,3.0604343462781185,0.45,NaN,NaN,NaN
11,S3,0.9,2,11.0,0.45,3.0901769262800824,3.0831071982890474,0.45,NaN,NaN,NaN
11,S3,0.9,2,12.0,0.45,3.093231218027107,3.071960169178331,0.45,NaN,NaN,NaN
11,S3,0.9,2,13.0,0.45,3.0956541379166658,3.086989978777372,0.45,NaN,NaN,NaN
11,S3,0.9,2,14.0,0.45,3.0976207601860963,3.0760179423393907,0.45,NaN,NaN,NaN
11,S3,0.9,2,15.0,0.45,3.0992485670304535,3.0953243749109878,0.45,NaN,NaN,NaN
11,S3,0.9,3,0.0,0.45,2.0,1.9935588518920015,0.45,NaN,NaN,NaN
11,S3,0.9,3,1.0,0.45,2.5341985595829613,2.521627364781582,0.45,NaN,NaN,NaN
11,S3,0.9,3,2.0,0.45,2.7821745610662263,2.7654544151156037,0.45,NaN,NaN,NaN
11,S3,0.9,3,3.0,0.45,2.9110677249999393,2.924161241488106,0.45,NaN,NaN,NaN
11,S3,0.9,3,4.0,0.45,2.981784909178313,3.0390700012564924,0.45,NaN,NaN,NaN
11,S3,0.9,3,5.0,0.45,3.0226118701776277,2.987115405858047,0.45,NaN,NaN,NaN
11,S3,0.9,3,6.0,0.45,3.0473785414087278,2.998463746247764,0.45,NaN,NaN,NaN
11,S3,0.9,3,7.0,0.45,3.0631403106184396,3.0294401516640104,0.45,NaN,NaN,NaN
11,S3,0.9,3,8.0,0.45,3.0736409309257002,3.0747515920590476,0.45,NaN,NaN,NaN
11,S3,0.9,3,9.0,0.45,3.08094254076346,3.0808158304365647,0.45,NaN,NaN,NaN
11,S3,0.9,3,10.0,0.45,3.086222537423659,3.102680918593868,0.45,NaN,NaN,NaN
11,S3,0.9,3,11.0,0.45,3.0901769262800824,3.0851513460903783,0.45,NaN,NaN,NaN
11,S3,0.9,3,12.0,0.45,3.093231218027107,3.088901707227354,0.45,NaN,NaN,NaN
11,S3,0.9,3,13.0,0.45,3.0956541379166658,3.107843934052,0.45,NaN,NaN,NaN
11,S3,0.9,3,14.0,0.45,3.0976207601860963,3.106993029096316,0.45,NaN,NaN,NaN
11,S3,0.9,3,15.0,0.45,3.0992485670304535,3.1568864437050683,0.45,NaN,NaN,NaN
12,S3,0.95,1,0.0,0.45,2.0,2.0549261856047134,0.45,NaN,NaN,NaN
12,S3,0.95,1,1.0,0.45,2.533113212575814,2.637314093485973,0.45,NaN,NaN,NaN
12,S3,0.95,1,2.0,0.45,2.8028674608379465,2.7648705208289766,0.45,NaN,NaN,NaN
12,S3,0.95,1,3.0,0.45,2.941655602996349,2.915179630490586,0.45,NaN,NaN,NaN
12,S3,0.95,1,4.0,0.45,3.0142649718498653,3.049435016439216,0.45,NaN,NaN,NaN
12,S3,0.95,1,5.0,0.45,3.0532859895487,3.0959912190984724,0.45,NaN,NaN,NaN
12,S3,0.95,1,6.0,0.45,3.0749719548387504,3.0939874707150876,0.45,NaN,NaN,NaN
12,S3,0.95,1,7.0,0.45,3.0875033918753,3.0262712362578745,0.45,NaN,NaN,NaN
12,S3,0.95,1,8.0,0.45,3.0950675781225048,3.070266610764708,0.45,NaN,NaN,NaN
12,S3,0.95,1,9.0,0.45,3.0998527777503986,3.1394852077588595,0.45,NaN,NaN,NaN
12,S3,0.95,1,10.0,0.45,3.1030297184418485,3.065127422460256,0.45,NaN,NaN,NaN
12,S3,0.95,1,11.0,0.45,3.1052411313915873,3.1513458291561074,0.45,NaN,NaN,NaN
12,S3,0.95,1,12.0,0.45,3.106849948018462,3.0909140529369963,0.45,NaN,NaN,NaN
12,S3,0.95,1,13.0,0.45,3.1080674221290665,3.086250418995221,0.45,NaN,NaN,NaN
12,S3,0.95,1,14.0,0.45,3.1090205538293647,3.0811361076486983,0.45,NaN,NaN,NaN
12,S3,0.95,1,15.0,0.45,3.1097883042490753,3.1369343598187323,0.45,NaN,NaN,NaN
12,S3,0.95,2,0.0,0.45,2.0,1.9852284432263387,0.45,NaN,NaN,NaN
12,S3,0.95,2,1.0,0.45,2.533113212575814,2.553003345587684,0.45,NaN,NaN,NaN
12,S3,0.95,2,2.0,0.45,2.8028674608379465,2.7982188528648773,0.45,NaN,NaN,NaN
12,S3,0.95,2,3.0,0.45,2.941655602996349,2.9394273245978346,0.45,NaN,NaN,NaN
12,S3,0.95,2,4.0,0.45,3.0142649718498653,2.9791944192902275,0.45,NaN,NaN,NaN
12,S3,0.95,2,5.0,0.45,3.0532859895487,3.0820321936784154,0.45,NaN,NaN,NaN
12,S3,0.95,2,6.0,0.45,3.0749719548387504,3.095851620810071,0.45,NaN,NaN,NaN
12,S3,0.95,2,7.0,0.45,3.0875033918753,3.134280611117065,0.45,NaN,NaN,NaN
12,S3,0.95,2,8.0,0.45,3.0950675781225048,3.1181328003047586,0.45,NaN,NaN,NaN
12,S3,0.95,2,9.0,0.45,3.0998527777503986,3.102300043587463,0.45,NaN,NaN,NaN
12,S3,0.95,2,10.0,0.45,3.1030297184418485,3.1611227650199947,0.45,NaN,NaN,NaN
12,S3,0.95,2,11.0,0.45,3.1052411313915873,3.089645984581562,0.45,NaN,NaN,NaN
12,S3,0.95,2,12.0,0.45,3.106849948018462,3.114815480653333,0.45,NaN,NaN,NaN
12,S3,0.95,2,13.0,0.45,3.1080674221290665,3.146141059321504,0.45,NaN,NaN,NaN
12,S3,0.95,2,14.0,0.45,3.1090205538293647,3.1180365425586425,0.45,NaN,NaN,NaN
12,S3,0.95,2,15.0,0.45,3.1097883042490753,3.116911623147321,0.45,NaN,NaN,NaN
12,S3,0.95,3,0.0,0.45,2.0,1.988766166920701,0.45,NaN,NaN,NaN
12,S3,0.95,3,1.0,0.45,2.533113212575814,2.548658208777193,0.45,NaN,NaN,NaN
12,S3,0.95,3,2.0,0.45,2.8028674608379465,2.7989410088929896,0.45,NaN,NaN,NaN
12,S3,0.95,3,3.0,0.45,2.941655602996349,2.9065465520337885,0.45,NaN,NaN,NaN
12,S3,0.95,3,4.0,0.45,3.0142649718498653,3.0408865427657554,0.45,NaN,NaN,NaN
12,S3,0.95,3,5.0,0.45,3.0532859895487,3.038425705471015,0.45,NaN,NaN,NaN
12,S3,0.95,3,6.0,0.45,3.0749719548387504,3.057043236369061,0.45,NaN,NaN,NaN
12,S3,0.95,3,7.0,0.45,3.0875033918753,3.0768895799356755,0.45,NaN,NaN,NaN
12,S3,0.95,3,8.0,0.45,3.0950675781225048,3.0742994357269335,0.45,NaN,NaN,NaN
12,S3,0.95,3,9.0,0.45,3.0998527777503986,3.0726527897290667,0.45,NaN,NaN,NaN
12,S3,0.95,3,10.0,0.45,3.1030297184418485,3.1125061548712027,0.45,NaN,NaN,NaN
12,S3,0.95,3,11.0,0.45,3.1052411313915873,3.1621295452886886,0.45,NaN,NaN,NaN
12,S3,0.95,3,12.0,0.45,3.106849948018462,3.0987363477926064,0.45,NaN,NaN,NaN
12,S3,0.95,3,13.0,0.45,3.1080674221290665,3.0627769865837844,0.45,NaN,NaN,NaN
12,S3,0.95,3,14.0,0.45,3.1090205538293647,3.072576738742836,0.45,NaN,NaN,NaN
12,S3,0.95,3,15.0,0.45,3.1097883042490753,3.1158207052787494,0.45,NaN,NaN,NaN
